Username,Password
USER0001,$2b$12$LoHL2UXTYgoorbH91f2Rr.n7b3g/3ghJ.sWTxfum5y5TtnZKMFPEG
USER0002,$2b$12$5QiAZ4Jm43rhfHx2XCoKTeaZkKkX.9zkKuLAtvPms.1k6VARNquOm
USER0003,$2b$12$0BfntlhCXevRpSXbNWrP6unobNmNZgsXRtXWm0NmkJakFQ8e21uZS
USER0004,$2b$12$80PrGe7LUB23j9pT3tMve.j1YXtz748OEFBbibV3eM0MbtM/XNUHS
USER0005,$2b$12$yr1n2daLNmpejaooOg1/EOGRNi5D4OZwAW0D4RpPGVP9cn3cmmnSG
USER0006,$2b$12$j7Ok9qMSNyaFZ2KYA4e.JeKADFt6d37h2sRB40ancpzBhyW0MHDVy
USER0007,$2b$12$r/43VgPwN0Ohydc3rFK99.D16PwXyK0TnliH1Zf13ZoLlLscnpa5e
USER0008,$2b$12$hUxcOAMT7oPui9QLyC4zz.LPQpL01xEcf5ZY2P2xObImbwwPfj63i
USER0009,$2b$12$EKfeb3Ovc96aEPsxHiSkhukdd3tyCEGdxkaswUnsfIgGFzyi/9A2.
USER0010,$2b$12$3ZisA9oDD4MYnLlMVqqaoOSl1igWhYIheuwqX9T5EhLSMKD8dpR7O
USER0011,$2b$12$4V2qZ6vJpM2gOKYt56aRS.CpY1mmPzetryKcd3Uj/tv/Gh/TLYIiq
USER0012,$2b$12$OQ/WRpxWi/pYXYpSWBdN5.rKQG3.HbcF70Qu0MJ6RwxgD5zW8fMT.
USER0013,$2b$12$IsUoIz2mEn6pOyigbbUVsuXkSLYfN6UqO39ch3VrlVtmYVv29jfgG
USER0014,$2b$12$f7O6cqVSW0okAuFrz0Q2V.Ri6sNG0BU09XhEx/r9aG4Y9S/fHy6pu
USER0015,$2b$12$vj5LZK2sdlulaYOjBZZsDe5ekG5IOtsO/1a04A8SI7g.5jnPUhA.y
USER0016,$2b$12$Qi9R5.rgUUVyyyvLKqFLwuIKTAfvhwxPRviAiraAASz4je/m.E292
USER0017,$2b$12$FKYmKOp3EUISGNs7oGrPq.vsUUpmVARp1ogwGbY05gg..f2zg5CZ6
USER0018,$2b$12$UfzP5nNUf7qFmY6i0BRPUuWOjMQjkdqoolX93jaOjq8g9i4pqtA4S
USER0019,$2b$12$.mKwbji/GnSv/E.rFuySLe1bwnKMVKbEK60URLtCVLvcDjUp1TXJ.
USER0020,$2b$12$D1Tp8bgyGu0UakrJK3N3x.v3JfMkuWeuWmh49fZk1fEkv5VbfSHpW
USER0021,$2b$12$UYUBnpsjvV8PTc1iN/z/4uRYuaPIuKKNKSQWt4qiZwb8KnVO995Ae
USER0022,$2b$12$jCovyohaP38IpyHSuoARQ.fX6907Z24NWmbnE8x1m2NuWz5fknv1e
USER0023,$2b$12$OuGuXEfOqCXGBIoHMQxHW.jT0WF8/T.12DdlDkFUu5ypROZQbFPYu
USER0024,$2b$12$ki/j2oukOPWrPGbbgR/x9e01kP0N6HKL1o/8nAVUGEsERlAVTr/Hu
USER0025,$2b$12$lRWHLZRa5rnIeV0v7BIBUOCS13DBijYCmTJlP5GwlYdKZtHscgxVS
USER0026,$2b$12$k1JgU24EozOvmMSgCCwHhOthIhJz2VRevYFhtZ8PXLumF4lLyhRDK
USER0027,$2b$12$c1p/TCNkLeg6goSMBLLrJ.OmImjAyPdAs44xtJMkSiKb43F338P0G
USER0028,$2b$12$9hMdgF96tUMPtmSrtsuxM.pbm9uQrVdAhVfS/diAFZ3bR57GQxSbC
USER0029,$2b$12$pzHEu0ITwHPK2bNRHiraUuApm7kqFYTakLwOgvGIMXgZwbJqKG/3y
USER0030,$2b$12$.lhk7HdOTG18CWrxyfeh.OSfidNMwZOBdf0ebdBPUE7G0B1LQLGpm
USER0031,$2b$12$34r917LGhgYQNKxkxTy.Eun7w5wdZJOcSvufOwNe9yDcP0HtZeOSq
USER0032,$2b$12$w2WjB2hktNKuAsqyfhHR2uJHC1ZjaovHUiQUR8YTj6ZLnmxksvBdK
USER0033,$2b$12$/FxqxXLVmz9D9lokTe0.p.NQCKbq1s4ql4jH.0Quj8o3hxQULd/YK
USER0034,$2b$12$zCuDFVrkdOdVyIftbcWWueWsk24VJjSwSphlWQ6HtzD4Gi5HdylMm
USER0035,$2b$12$RIF9sUzv4YSb2aGvNWu1LO4TVm52ASf1Y.0EWHqyL2vvJgGYekD.6
USER0036,$2b$12$2YvcaLqUx09A3GxM5VGgqeK/TvZDRbw.8f3wgAD.p/YL16aLVbMOW
USER0037,$2b$12$ogBcfSMqpKAfUESLIAkl2eysOdpRjXumz.TisXtYivgss57hdRMZa
USER0038,$2b$12$2B5QKZjeKiemHI1dNY5l8.Z8Hf/JIkdLsGYOkhTF1M1BY1hF3fate
USER0039,$2b$12$IQXven1IsmhHm0Yt3vrQGezXIGu.S/kwPkNa6pmIA/Ab8ac932Y3.
USER0040,$2b$12$holLmqzhg9LjgBA/rsLB8.NbZnTUYmC400fNvRlkdKLLJey17f/WS
USER0041,$2b$12$W/gdYBJA4VXh7szv8IVnp.rydAAy6IUP3HkHVqdhcyGAv2L2KpMZm
USER0042,$2b$12$dAQM9jl.r1HUfmpJp.H40e5lhZa..VGn5GknIHjeimwEvBT09QsAq
USER0043,$2b$12$ngP1xXSnr6i5kp3fWSysLOYD3ijRsMrYLJ0v.oE4zSwYUVbY9Ay.O
USER0044,$2b$12$UgNWFm5tmwA1orBMeRjnZu/EXDhsgye1agY/F6OwTym3aFdoELO1C
USER0045,$2b$12$OmpyGxumyCdsFaOignytHu54hFQPoPrQMYlXW88/P44YHjNgaPzeS
USER0046,$2b$12$.h5bsiONBfM5Sx.uukqwUe6O1XMSuzuweBdxHjNpbehiThwznU/bq
USER0047,$2b$12$9I8Ygw7gi8XDvxB7s9NZAuu9W/W3Gy9k26ZCU8NNcHEOd2AOH4cM2
USER0048,$2b$12$sq6PMTiLkEGo65.1vJiBfehDrtjuIkguWlELTFsDLIruSi79YHH9K
USER0049,$2b$12$lid1hRpZQzsTS3Y0KxjEJerXIrJIJ1yHmk6nrzOG6NIllZfdYY50i
USER0050,$2b$12$GcmyySufsOjyhpoGK9HfouB89NmBfn8uSyXTwqZoQZWoZx5H1Lqmi
USER0051,$2b$12$LC9PYBAtdwDDWxpnxnUjgO503LwVyyWmRHMsE5dnwTDS4n1R0OtLi
USER0052,$2b$12$JlSPfHLFMXVa3TC3vxBZQ.9F875rafa72R3KSJPEM.SYoKb8xebV6
USER0053,$2b$12$Jjl5ifkq9aXeacybd4nrhuW3Zq6TpmZDg4T2cotOzRoI3l9N2CANy
USER0054,$2b$12$Fr0alwvIogQjyji4dsYgGOdUeiexbjwVKHMSaA8G58vZ.VmuNEH7.
USER0055,$2b$12$C1iTPPXk9ipfevLKNEFUmOjw24nVIk5r5KFPfZEObPQzzvK5xR7iS
USER0056,$2b$12$XJA6ARTW18wlVVCNY8uKJukQSwndk2vNgyNhl1hBtpM3GWE7UsXrC
USER0057,$2b$12$CGWuZnVE2cnlU0DTfd86GeyuHuLjKjIlgvMRF7nCXYFGxqX3LfrtK
USER0058,$2b$12$hIcyPyX0MjBtM6/BqMWpa.2lhFth3YZ/.qGIQEWZvMB7l3zIy.sqW
USER0059,$2b$12$5Lw5hTy5FcTUQUuKWEAuz.y9/KiKbuT42IFOJv2vYfmgOVddtnxvq
USER0060,$2b$12$7PdmKYH/MXQMu7pKyHKioegcNNYiEA72GCd4P..6I6VhabzjGMn.m
USER0061,$2b$12$/8W2TyyOECAY/iuSAScRKOAAxlxV7/5jRSsP6XNYs1Xfo82gPsltq
USER0062,$2b$12$1E7YFYFpXqRjRqWDxwNcW.5M/jQQM/dsv7isy1qofFkoM/2ctz8aK
USER0063,$2b$12$lJUnkfyIakiBQjEDgkXILuJCZOVGNXdMpbmdFl7x2Igxx5yUEuHa2
USER0064,$2b$12$wqQo.p9NxHLvpWuRQmOtW.hTdmxkETpCMUPynUi3BLFcKwKnUfBLu
USER0065,$2b$12$IAhHvCxUEQNIWg0kypZauezy0M3bQLZx/5rGgS1XPFL8mdnzC4jQq
USER0066,$2b$12$fN.UgZ2rX9FKTnGpQSu.c.k8TMvqZkc.APyKQhh2CJEyhp6yR4CAq
USER0067,$2b$12$fSRVhfcArC4tyKgvofiXBOkxfROL5br9.G81h2FA1dqazn3TInNRu
USER0068,$2b$12$SF5uWAcnT.M/.Kd7/Bzoouka6Hl1qSGjVR7wFgG/iSZJRyo6pnXea
USER0069,$2b$12$mkcvF5KBl/Da4.EGQf8/0.iH7qxpGsurDbB8TkEjh4I9/./kzJBW2
USER0070,$2b$12$BNoJyHoHaZPevyJ56VOipeldnp445afiMjVxW2wX3qx65tnmfqIuG
USER0071,$2b$12$qv5qwkGfwVFmHaIc1O0A7Oi/wnZwzA9kc2zcz80c942Oet9ZEYamK
USER0072,$2b$12$M0x4QnpPvaiXdiEq68UeweOz0qX.Iia5L0jj7XDu4StmhM94xtJo.
USER0073,$2b$12$.DKiwxXGnJDPpRZ8Ax78cOckf9Y9yQptspEEY0mR5a2I4ZbLA1R9q
USER0074,$2b$12$0/uYpuzFzLjPwRMW3N5TXOWalrFX3Mp.48Y0EX3r9mAeJA9bnsmlO
USER0075,$2b$12$qxe.VJffVJ2W7OL9wvcLZOMD7WAbKN0t43ecDJBAxu.zMMpNPd8CC
USER0076,$2b$12$XoBiX4ywTfKvQZjLa5R9o.h9..Q4/Vp7dZhhG/qyPmTEYnCgiy1ZK
USER0077,$2b$12$aBEoBt7VObEIz/5lNzb1YOO1H4H.YEZiyMvBLycIgkD3aBohf7fJu
USER0078,$2b$12$uH3eJ4oQiyxIrG3P.kb20eQnHCgHcqyefRvk.EfTqLHrP6GoxGM1e
USER0079,$2b$12$17JIWGj5UckRdNvQqqTE/OgrH/7PWeh.qpoULH.UuRA0PmGEZWiE.
USER0080,$2b$12$KVjdnarz2U6t739sMYYgyef.1tzpj7Dz2Zhx7fAZyPLHt3OLNZsNa
USER0081,$2b$12$hTkdNUgZmv8DCngsULgvHOaxMuoESe639qdbBkblh8CXk77n8IN3O
USER0082,$2b$12$peebl6a6135n9Ddj7uAv8eDByRQx9tYZMTfPBUQWApnTE3U5eCBHi
USER0083,$2b$12$EiW6oEraWehnNVvU9g8ii.4fBc5loF7TLZ/OQwXjn.A3ylC105Yla
USER0084,$2b$12$A/EUvW7/PBwGRLl2jRpa0.7qtjIHXXbpRaUyOc2vnDGAVRc4QE1g2
USER0085,$2b$12$R0mS3GIdNagMr49Df8YVe.KDhyUn4WVTii0IE6UMna.fTVoTnzNyS
USER0086,$2b$12$xA1dzPL68TE6.HdAw5D1y.q0IF7aFaZP7hJisJyH8/IYzN9fW9VBy
USER0087,$2b$12$rJi6.Ao5MLK4YEhRanzy5.FC6jv/rZxWqMdKy6OJ7YLFNlxnGdfn6
USER0088,$2b$12$Ze9ytnp0wPuQpRVhTlwm2eca2LOpJoFhmbapP1b6oOgYEl63.sw0G
USER0089,$2b$12$j47X5hj4J3BUtOR7cPHbp.MaNrHCn6MKl9wWeLZwVl/o/6ZBvOhi6
USER0090,$2b$12$MA9p1sZ0pikPQhrpq5nkSO6Jr85W4.iLsY41UhtVgy0IW02UAVdx2
USER0091,$2b$12$SlcKRohUKWL2VDbmCuqyN.lecjoFdbi7wf63EQjntl7mCPWLjsYH.
USER0092,$2b$12$b7AR.IpAhhnZg9DYnLHzX.TEALBY97EPP9L81nRAU6tSZ6/BCbxUK
USER0093,$2b$12$tgDPOtbqBobCoc2xG7BGqOUzmDBkVyKofKzoIDQmhozna6Eu8UVue
USER0094,$2b$12$bHWqypfLbDbGJaQ9gFS82On/6hRspTKkAaL5psfGrXSR.H61D33J6
USER0095,$2b$12$Fbq5BEmmBIjg7R.9ul50tuFuFBw6j1lv2uQxp15JpdfrPRAIAROr.
USER0096,$2b$12$pbV0yv3sCNns2qt8R2mwOe541zaowHRPLlloFyTksYpCJ0eZ5hfbi
USER0097,$2b$12$1dwBAf3kFKKnuzLp6MQKX.CCGifNX7jQkp9ZkRVymGNQ4IROAX9Zq
USER0098,$2b$12$aSDqAGhVvIO1flpEW7m0aOQAmrHVw8wpdLzVYE4i1RnvIIokSd31O
USER0099,$2b$12$IN1VNvePXISKWa3oqDnQHOV7LQYzEqHFKYT0BYM3dTYWARZHJw6rS
USER0100,$2b$12$8YkWUBIqWCWCOlCJMsy2RemzyMDOHyLLah9skvKmFcPhNypJtckl6
